backend,mean_f1,std_f1,n_splits,f1_values,elapsed_sec
standard,0.7501210393955018,0.0294107674486101,5,"[0.7831357048748353, 0.7079978529253891, 0.7362453701696843, 0.784018095316668, 0.7392081736909324]",0.0
diffusion,0.5521602734267791,0.060945382463864564,5,"[0.6592189325577349, 0.4736031593069175, 0.5637429158154922, 0.5312836438923395, 0.5329527155614111]",7850.5
