backend,mean_f1,std_f1,n_splits,f1_values,elapsed_sec
standard,0.7501210393955018,0.0294107674486101,5,"[0.7831357048748353, 0.7079978529253891, 0.7362453701696843, 0.784018095316668, 0.7392081736909324]",0.0
euclidean,0.5654843914837098,0.036091535754959984,5,"[0.5864021676983121, 0.5312836438923395, 0.626196335794367, 0.5486639730981967, 0.5348758369353335]",2526.6
dtm,0.5813627426478565,0.061112722718687035,5,"[0.5794417606011809, 0.5150163422063848, 0.6057495842242813, 0.6830238397096478, 0.5235821864977874]",6487.3
