backend,mean_f1,std_f1,n_splits,f1_values,elapsed_sec
standard,0.7501210393955018,0.0294107674486101,5,"[0.7831357048748353, 0.7079978529253891, 0.7362453701696843, 0.784018095316668, 0.7392081736909324]",0.0
ricci,0.6339154410220704,0.05032874321105778,5,"[0.6393078970718723, 0.663459538173497, 0.6792532167185266, 0.5368332071545682, 0.6507233459918882]",8896.0
