backend,mean_f1,std_f1,n_splits,f1_values,elapsed_sec
standard,0.7501210393955018,0.0294107674486101,5,"[0.7831357048748353, 0.7079978529253891, 0.7362453701696843, 0.784018095316668, 0.7392081736909324]",0.0
phate_like,0.5444820791528947,0.06397340541896143,5,"[0.6650091376599091, 0.5099323653537113, 0.5357800201746344, 0.5348363983274469, 0.47685247424877203]",2099.5
